"","meanSigMatNorm","sdSigMatNorm"
"1",4.2561467151185e-18,0.9991270186027
