"","meanmixDataNorm","sdmixDataNorm"
"1",2.6843995436096e-17,0.996062976839839
