"","meanSigMatNorm","sdSigMatNorm"
"1",-1.10252586561898e-17,0.995307760951483
